Source,Target,Weight
Neon Genesis Evangelion: Death & Rebirth,Kidou Senshi Gundam: Gyakushuu no Char,1.0
Rozen Maiden: Träumend,Mahou Shoujo Lyrical Nanoha A's,1.0
Mahou Shoujo Lyrical Nanoha A's,Rozen Maiden: Träumend,1.0
Kidou Senshi Gundam: Gyakushuu no Char,Neon Genesis Evangelion: Death & Rebirth,1.0
Shin Shirayuki-hime Densetsu Prétear,Kamisama Kazoku,0.8
El Hazard: The Wanderers,Tales of Eternia The Animation,0.8
Fushigi Yuugi,Magic Knight Rayearth II,0.8
Fushigi Yuugi: Eikouden,Fushigi Yuugi: Dai Ni Bu,0.8
Mahou Sensei Negima!,Girls Bravo: Second Season,0.83
s.CRY.ed,Argento Soma,0.8
Love Hina Again,Ranma ½: Yomigaeru Kioku,0.8
Shin Angel,Ranma ½: Yomigaeru Kioku,0.8
Shin Angel,Green Green Thirteen: Erolutions,0.8
Good Morning Call,Ranma ½: Yomigaeru Kioku,1.0
Video Girl Ai,Guardian Hearts,0.8
I''s Pure,Guardian Hearts,0.8
I''s Pure,Futari Ecchi,0.8
I''s Pure,Tokyo Daigaku Monogatari,1.0
I''s Pure,Kyoukasho ni Nai!,0.8
Lodoss-tou Senki,Legend of Crystania,0.8
Lodoss-tou Senki,Legend of Lemnear: Kyokuguro no Tsubasa Valkisas,1.0
Wizardry,Legend of Crystania,0.8
Wizardry,Saint Seiya: Meiou Hades Juuni Kyuu-hen,0.8
R.O.D: The TV,Generator Gawl,0.83
Pure Mail,Ai Shimai: Futari no Kajitsu,1.0
Pure Mail,MaMa,1.0
Pure Mail,Mizuiro,1.0
Pure Mail,Gakuen: Chijoku no Zushiki,1.0
Uba,Ai Shimai: Futari no Kajitsu,1.0
Uba,Bible Black: New Testament,1.0
Uba,Cool Devices,1.0
Uba,Kaette Kita Court no Naka no Tenshi-tachi,1.0
Uba,Bible Black,1.0
Nikutai Ten'i,Ai Shimai: Futari no Kajitsu,1.0
Nikutai Ten'i,Cool Devices,1.0
Nikutai Ten'i,Yakin Byoutou,1.0
Nikutai Ten'i,Yakin Byoutou San,1.0
Nikutai Ten'i,Tsumamigui,1.0
Nikutai Ten'i,Flutter of Birds: Tori-tachi no Habataki,1.0
Nikutai Ten'i,Shintaisou: Shin,1.0
Yakin Byoutou,Ai Shimai: Futari no Kajitsu,1.0
Yakin Byoutou,MaMa,1.0
Yakin Byoutou,Mizuiro,1.0
Yakin Byoutou,Gakuen: Chijoku no Zushiki,1.0
Yakin Byoutou,Injuu Gakuen La Blue Girl,1.0
Yakin Byoutou,Ai Shimai Tsubomi... Kegashite Kudasai,1.0
Yakin Byoutou,Yakin Byoutou San,1.0
Yakin Byoutou,Shintaisou: Kari,1.0
Yakin Byoutou,Ai Shimai 2: Futari no Kajitsu,1.0
Yakin Byoutou,Shintaisou: Shin,1.0
Yakin Byoutou,Nikutai Ten'i,1.0
Yakin Byoutou,Kao no nai Tsuki,1.0
Yakin Byoutou,Inma Daitoshi: Beast City,1.0
Yakin Byoutou Ni,Ai Shimai: Futari no Kajitsu,1.0
Yakin Byoutou Ni,MaMa,1.0
Yakin Byoutou Ni,Gakuen: Chijoku no Zushiki,1.0
Yakin Byoutou Ni,Injuu Gakuen La Blue Girl,1.0
Yakin Byoutou Ni,Bible Black: New Testament,1.0
Yakin Byoutou Ni,Injuu Gakuen La☆Blue Girl: Fukkatsu-hen,1.0
Yakin Byoutou Ni,Blood Royale,1.0
Yakin Byoutou Ni,Imouto de Ikou!,1.0
Yakin Byoutou Ni,Parade Parade,1.0
Yakin Byoutou Ni,Kao no nai Tsuki,1.0
Yakin Byoutou Ni,Inma Daitoshi: Beast City,1.0
Yakin Byoutou San,Ai Shimai: Futari no Kajitsu,1.0
Yakin Byoutou San,Mizuiro,1.0
Yakin Byoutou San,Ai Shimai Tsubomi... Kegashite Kudasai,1.0
Yakin Byoutou San,Cool Devices,1.0
Yakin Byoutou San,One: Kagayaku Kisetsu e - True Stories,1.0
Yakin Byoutou San,Yakin Byoutou,1.0
Yakin Byoutou San,Blood Royale,1.0
Yakin Byoutou San,Ai Shimai 2: Futari no Kajitsu,1.0
Yakin Byoutou San,Nikutai Ten'i,1.0
Yakin Byoutou San,Parade Parade,1.0
Kao no nai Tsuki,Ai Shimai: Futari no Kajitsu,1.0
Kao no nai Tsuki,MaMa,1.0
Kao no nai Tsuki,Gakuen: Chijoku no Zushiki,1.0
Kao no nai Tsuki,Ai Shimai Tsubomi... Kegashite Kudasai,1.0
Kao no nai Tsuki,Kaette Kita Court no Naka no Tenshi-tachi,1.0
Kao no nai Tsuki,Yakin Byoutou,1.0
Kao no nai Tsuki,Tsumamigui,1.0
Kao no nai Tsuki,Shintaisou: Kari,1.0
Kao no nai Tsuki,Yakin Byoutou Ni,1.0
Kao no nai Tsuki,Blood Royale,1.0
Imouto de Ikou!,Ai Shimai: Futari no Kajitsu,1.0
Imouto de Ikou!,MaMa,1.0
Imouto de Ikou!,Gakuen: Chijoku no Zushiki,1.0
Imouto de Ikou!,Ai Shimai Tsubomi... Kegashite Kudasai,1.0
Imouto de Ikou!,Injuu Gakuen La☆Blue Girl: Fukkatsu-hen,1.0
Imouto de Ikou!,Tsumamigui,1.0
Imouto de Ikou!,Shintaisou: Kari,1.0
Imouto de Ikou!,Yakin Byoutou Ni,1.0
Imouto de Ikou!,Blood Royale,1.0
Imouto de Ikou!,Shintaisou: Shin,1.0
Imouto de Ikou!,Inma Daitoshi: Beast City,1.0
Kaette Kita Court no Naka no Tenshi-tachi,Ai Shimai: Futari no Kajitsu,1.0
Kaette Kita Court no Naka no Tenshi-tachi,MaMa,1.0
Kaette Kita Court no Naka no Tenshi-tachi,Uba,1.0
Kaette Kita Court no Naka no Tenshi-tachi,Tsumamigui,1.0
Kaette Kita Court no Naka no Tenshi-tachi,Shintaisou: Kari,1.0
Kaette Kita Court no Naka no Tenshi-tachi,Blood Royale,1.0
Kaette Kita Court no Naka no Tenshi-tachi,Ai Shimai 2: Futari no Kajitsu,1.0
Kaette Kita Court no Naka no Tenshi-tachi,Shintaisou: Shin,1.0
Kaette Kita Court no Naka no Tenshi-tachi,Kao no nai Tsuki,1.0
Kaette Kita Court no Naka no Tenshi-tachi,Inma Daitoshi: Beast City,1.0
Inma Daitoshi: Beast City,Ai Shimai: Futari no Kajitsu,1.0
Inma Daitoshi: Beast City,MaMa,1.0
Inma Daitoshi: Beast City,Ai Shimai Tsubomi... Kegashite Kudasai,1.0
Inma Daitoshi: Beast City,Kaette Kita Court no Naka no Tenshi-tachi,1.0
Inma Daitoshi: Beast City,Yakin Byoutou,1.0
Inma Daitoshi: Beast City,Shintaisou: Kari,1.0
Inma Daitoshi: Beast City,Yakin Byoutou Ni,1.0
Inma Daitoshi: Beast City,Ai Shimai 2: Futari no Kajitsu,1.0
Inma Daitoshi: Beast City,Imouto de Ikou!,1.0
Inma Daitoshi: Beast City,Shintaisou: Shin,1.0
Shintaisou: Shin,Ai Shimai: Futari no Kajitsu,1.0
Shintaisou: Shin,Ai Shimai Tsubomi... Kegashite Kudasai,1.0
Shintaisou: Shin,Cool Devices,1.0
Shintaisou: Shin,Kaette Kita Court no Naka no Tenshi-tachi,1.0
Shintaisou: Shin,Injuu Gakuen La☆Blue Girl: Fukkatsu-hen,1.0
Shintaisou: Shin,Yakin Byoutou,1.0
Shintaisou: Shin,Tsumamigui,1.0
Shintaisou: Shin,Shintaisou: Kari,1.0
Shintaisou: Shin,Blood Royale,1.0
Shintaisou: Shin,Ai Shimai 2: Futari no Kajitsu,1.0
Shintaisou: Shin,Imouto de Ikou!,1.0
Shintaisou: Shin,Nikutai Ten'i,1.0
Shintaisou: Shin,Inma Daitoshi: Beast City,1.0
Ai Shimai 2: Futari no Kajitsu,Ai Shimai: Futari no Kajitsu,1.0
Ai Shimai 2: Futari no Kajitsu,Ai Shimai Tsubomi... Kegashite Kudasai,1.0
Ai Shimai 2: Futari no Kajitsu,Kaette Kita Court no Naka no Tenshi-tachi,1.0
Ai Shimai 2: Futari no Kajitsu,Injuu Gakuen La☆Blue Girl: Fukkatsu-hen,1.0
Ai Shimai 2: Futari no Kajitsu,Yakin Byoutou,1.0
Ai Shimai 2: Futari no Kajitsu,Yakin Byoutou San,1.0
Ai Shimai 2: Futari no Kajitsu,Blood Royale,1.0
Ai Shimai 2: Futari no Kajitsu,Shintaisou: Shin,1.0
Ai Shimai 2: Futari no Kajitsu,Inma Daitoshi: Beast City,1.0
Ai Shimai Tsubomi... Kegashite Kudasai,Ai Shimai: Futari no Kajitsu,1.0
Ai Shimai Tsubomi... Kegashite Kudasai,Injuu Gakuen La Blue Girl,1.0
Ai Shimai Tsubomi... Kegashite Kudasai,Bible Black,1.0
Ai Shimai Tsubomi... Kegashite Kudasai,Injuu Gakuen La☆Blue Girl: Fukkatsu-hen,1.0
Ai Shimai Tsubomi... Kegashite Kudasai,Yakin Byoutou,1.0
Ai Shimai Tsubomi... Kegashite Kudasai,Yakin Byoutou San,1.0
Ai Shimai Tsubomi... Kegashite Kudasai,Tsumamigui,1.0
Ai Shimai Tsubomi... Kegashite Kudasai,Ai Shimai 2: Futari no Kajitsu,1.0
Ai Shimai Tsubomi... Kegashite Kudasai,Imouto de Ikou!,1.0
Ai Shimai Tsubomi... Kegashite Kudasai,Shintaisou: Shin,1.0
Ai Shimai Tsubomi... Kegashite Kudasai,Kao no nai Tsuki,1.0
Ai Shimai Tsubomi... Kegashite Kudasai,Inma Daitoshi: Beast City,1.0
Injuu Gakuen La☆Blue Girl: Fukkatsu-hen,MaMa,1.0
Injuu Gakuen La☆Blue Girl: Fukkatsu-hen,Mizuiro,1.0
Injuu Gakuen La☆Blue Girl: Fukkatsu-hen,Injuu Gakuen La Blue Girl,1.0
Injuu Gakuen La☆Blue Girl: Fukkatsu-hen,Ai Shimai Tsubomi... Kegashite Kudasai,1.0
Injuu Gakuen La☆Blue Girl: Fukkatsu-hen,Bible Black: New Testament,1.0
Injuu Gakuen La☆Blue Girl: Fukkatsu-hen,One: Kagayaku Kisetsu e - True Stories,1.0
Injuu Gakuen La☆Blue Girl: Fukkatsu-hen,Yakin Byoutou Ni,1.0
Injuu Gakuen La☆Blue Girl: Fukkatsu-hen,Blood Royale,1.0
Injuu Gakuen La☆Blue Girl: Fukkatsu-hen,Ai Shimai 2: Futari no Kajitsu,1.0
Injuu Gakuen La☆Blue Girl: Fukkatsu-hen,Imouto de Ikou!,1.0
Injuu Gakuen La☆Blue Girl: Fukkatsu-hen,Makai Tenshi Djibril,1.0
Injuu Gakuen La☆Blue Girl: Fukkatsu-hen,Injuu Gakuen EX,1.0
Injuu Gakuen La☆Blue Girl: Fukkatsu-hen,Shintaisou: Shin,1.0
Cool Devices,MaMa,1.0
Cool Devices,Injuu Gakuen La Blue Girl,1.0
Cool Devices,Uba,1.0
Cool Devices,Kurohime: Shikkoku no Yakata,1.0
Cool Devices,Yakin Byoutou San,1.0
Cool Devices,Blood Royale,1.0
Cool Devices,Shintaisou: Shin,1.0
Cool Devices,Nikutai Ten'i,1.0
Cool Devices,Parade Parade,1.0
Gakuen: Chijoku no Zushiki,MaMa,1.0
Gakuen: Chijoku no Zushiki,Mizuiro,1.0
Gakuen: Chijoku no Zushiki,Injuu Gakuen La Blue Girl,1.0
Gakuen: Chijoku no Zushiki,One: Kagayaku Kisetsu e - True Stories,1.0
Gakuen: Chijoku no Zushiki,Yakin Byoutou,1.0
Gakuen: Chijoku no Zushiki,Pure Mail,1.0
Gakuen: Chijoku no Zushiki,Tsumamigui,1.0
Gakuen: Chijoku no Zushiki,Yakin Byoutou Ni,1.0
Gakuen: Chijoku no Zushiki,Blood Royale,1.0
Gakuen: Chijoku no Zushiki,Imouto de Ikou!,1.0
Gakuen: Chijoku no Zushiki,Kao no nai Tsuki,1.0
Kurohime: Shikkoku no Yakata,Mizuiro,1.0
Kurohime: Shikkoku no Yakata,Cool Devices,1.0
Kurohime: Shikkoku no Yakata,Jinshin Yuugi,1.0
Mizuiro,Gakuen: Chijoku no Zushiki,1.0
Mizuiro,Kurohime: Shikkoku no Yakata,1.0
Mizuiro,Injuu Gakuen La☆Blue Girl: Fukkatsu-hen,1.0
Mizuiro,Yakin Byoutou,1.0
Mizuiro,Yakin Byoutou San,1.0
Mizuiro,Pure Mail,1.0
One: Kagayaku Kisetsu e - True Stories,Gakuen: Chijoku no Zushiki,1.0
One: Kagayaku Kisetsu e - True Stories,Injuu Gakuen La Blue Girl,1.0
One: Kagayaku Kisetsu e - True Stories,Bible Black: New Testament,1.0
One: Kagayaku Kisetsu e - True Stories,Jinshin Yuugi,1.0
One: Kagayaku Kisetsu e - True Stories,Injuu Gakuen La☆Blue Girl: Fukkatsu-hen,1.0
One: Kagayaku Kisetsu e - True Stories,Yakin Byoutou San,1.0
One: Kagayaku Kisetsu e - True Stories,Tsumamigui,1.0
One: Kagayaku Kisetsu e - True Stories,Shintaisou: Kari,1.0
Injuu Gakuen La Blue Girl,Gakuen: Chijoku no Zushiki,1.0
Injuu Gakuen La Blue Girl,Ai Shimai Tsubomi... Kegashite Kudasai,1.0
Injuu Gakuen La Blue Girl,Cool Devices,1.0
Injuu Gakuen La Blue Girl,Bible Black,1.0
Injuu Gakuen La Blue Girl,One: Kagayaku Kisetsu e - True Stories,1.0
Injuu Gakuen La Blue Girl,Injuu Gakuen La☆Blue Girl: Fukkatsu-hen,1.0
Injuu Gakuen La Blue Girl,Yakin Byoutou,1.0
Injuu Gakuen La Blue Girl,Shintaisou: Kari,1.0
Injuu Gakuen La Blue Girl,Yakin Byoutou Ni,1.0
Injuu Gakuen La Blue Girl,Flutter of Birds: Tori-tachi no Habataki,1.0
Blood Royale,Gakuen: Chijoku no Zushiki,1.0
Blood Royale,Bible Black: New Testament,1.0
Blood Royale,Cool Devices,1.0
Blood Royale,Kaette Kita Court no Naka no Tenshi-tachi,1.0
Blood Royale,Injuu Gakuen La☆Blue Girl: Fukkatsu-hen,1.0
Blood Royale,Yakin Byoutou San,1.0
Blood Royale,Tsumamigui,1.0
Blood Royale,Yakin Byoutou Ni,1.0
Blood Royale,Ai Shimai 2: Futari no Kajitsu,1.0
Blood Royale,Imouto de Ikou!,1.0
Blood Royale,Shintaisou: Shin,1.0
Blood Royale,Parade Parade,1.0
Blood Royale,Kao no nai Tsuki,1.0
Tsumamigui,Gakuen: Chijoku no Zushiki,1.0
Tsumamigui,Ai Shimai Tsubomi... Kegashite Kudasai,1.0
Tsumamigui,Kaette Kita Court no Naka no Tenshi-tachi,1.0
Tsumamigui,One: Kagayaku Kisetsu e - True Stories,1.0
Tsumamigui,Shintaisou: Kari,1.0
Tsumamigui,Flutter of Birds: Tori-tachi no Habataki,1.0
Tsumamigui,Blood Royale,1.0
Tsumamigui,Imouto de Ikou!,1.0
Tsumamigui,Shintaisou: Shin,1.0
Tsumamigui,Nikutai Ten'i,1.0
Tsumamigui,Kao no nai Tsuki,1.0
MaMa,Gakuen: Chijoku no Zushiki,1.0
MaMa,Cool Devices,1.0
MaMa,Kaette Kita Court no Naka no Tenshi-tachi,1.0
MaMa,Injuu Gakuen La☆Blue Girl: Fukkatsu-hen,1.0
MaMa,Yakin Byoutou,1.0
MaMa,Pure Mail,1.0
MaMa,Yakin Byoutou Ni,1.0
MaMa,Imouto de Ikou!,1.0
MaMa,Kao no nai Tsuki,1.0
MaMa,Inma Daitoshi: Beast City,1.0
Project A-Ko,Armitage III: Dual-Matrix,0.8
Project A-Ko,eX-Driver the Movie,1.0
Project A-Ko,"Dragon Ball Z Movie 08: Moetsukiro!! Nessen, Ressen, Chougekisen",0.83
Venus Senki,Armitage III: Dual-Matrix,1.0
Odin: Koushi Hansen Starlight,Armitage III: Dual-Matrix,0.8
Odin: Koushi Hansen Starlight,Steamboy,1.0
Odin: Koushi Hansen Starlight,Genma Taisen,0.83
Odin: Koushi Hansen Starlight,Kidou Senshi Gundam III: Meguriai Sora-hen,1.0
Odin: Koushi Hansen Starlight,Macross 7 Movie: Ginga ga Ore wo Yondeiru!,0.83
Dragon Ball Z Movie 01: Ora no Gohan wo Kaese!!,"Dragon Ball Z Movie 08: Moetsukiro!! Nessen, Ressen, Chougekisen",1.0
Dragon Ball Z Movie 01: Ora no Gohan wo Kaese!!,Dragon Ball Z Movie 07: Kyokugen Battle!! Sandai Super Saiyajin,1.0
Dragon Ball Z Movie 01: Ora no Gohan wo Kaese!!,Dragon Ball Z Movie 03: Chikyuu Marugoto Choukessen,1.0
Dragon Ball Z Movie 01: Ora no Gohan wo Kaese!!,Dragon Ball Movie 4: Saikyou e no Michi,1.0
Dragon Ball Z Movie 06: Gekitotsu!! 100-oku Power no Senshi-tachi,"Dragon Ball Z Movie 08: Moetsukiro!! Nessen, Ressen, Chougekisen",1.0
Dragon Ball Z Movie 06: Gekitotsu!! 100-oku Power no Senshi-tachi,Dragon Ball Z Movie 11: Super Senshi Gekiha!! Katsu no wa Ore da,0.83
Dragon Ball Z Movie 06: Gekitotsu!! 100-oku Power no Senshi-tachi,Dragon Ball Z Movie 09: Ginga Girigiri!! Bucchigiri no Sugoi Yatsu,1.0
Dragon Ball Z Movie 06: Gekitotsu!! 100-oku Power no Senshi-tachi,Dragon Ball Z Movie 13: Ryuuken Bakuhatsu!! Gokuu ga Yaraneba Dare ga Yaru,1.0
Dragon Ball Z Movie 09: Ginga Girigiri!! Bucchigiri no Sugoi Yatsu,"Dragon Ball Z Movie 08: Moetsukiro!! Nessen, Ressen, Chougekisen",1.0
Dragon Ball Z Movie 09: Ginga Girigiri!! Bucchigiri no Sugoi Yatsu,Dragon Ball Z Movie 11: Super Senshi Gekiha!! Katsu no wa Ore da,0.83
Dragon Ball Z Movie 09: Ginga Girigiri!! Bucchigiri no Sugoi Yatsu,Pokemon Movie 07: Rekkuu no Houmonsha Deoxys,1.0
Dragon Ball Z Movie 09: Ginga Girigiri!! Bucchigiri no Sugoi Yatsu,Dragon Ball Z Movie 10: Kiken na Futari! Super Senshi wa Nemurenai,0.83
Dragon Ball Z Movie 09: Ginga Girigiri!! Bucchigiri no Sugoi Yatsu,Dragon Ball Z Movie 03: Chikyuu Marugoto Choukessen,1.0
Dragon Ball Z Movie 09: Ginga Girigiri!! Bucchigiri no Sugoi Yatsu,Dragon Ball Movie 4: Saikyou e no Michi,1.0
Dragon Ball Z Movie 09: Ginga Girigiri!! Bucchigiri no Sugoi Yatsu,Dragon Ball Movie 3: Makafushigi Daibouken,1.0
Dragon Ball Z Movie 09: Ginga Girigiri!! Bucchigiri no Sugoi Yatsu,Dragon Ball Z Movie 06: Gekitotsu!! 100-oku Power no Senshi-tachi,1.0
Dragon Ball Z Movie 10: Kiken na Futari! Super Senshi wa Nemurenai,"Dragon Ball Z Movie 08: Moetsukiro!! Nessen, Ressen, Chougekisen",0.83
Dragon Ball Z Movie 10: Kiken na Futari! Super Senshi wa Nemurenai,Dragon Ball Z Movie 09: Ginga Girigiri!! Bucchigiri no Sugoi Yatsu,0.83
Dragon Ball Z Movie 10: Kiken na Futari! Super Senshi wa Nemurenai,Dragon Ball Movie 4: Saikyou e no Michi,0.83
Dragon Ball Z Movie 10: Kiken na Futari! Super Senshi wa Nemurenai,Dragon Ball Movie 2: Majinjou no Nemurihime,0.83
Dragon Ball Z Movie 10: Kiken na Futari! Super Senshi wa Nemurenai,Dragon Ball Movie 1: Shen Long no Densetsu,1.0
Pokemon Movie 07: Rekkuu no Houmonsha Deoxys,"Dragon Ball Z Movie 08: Moetsukiro!! Nessen, Ressen, Chougekisen",1.0
Pokemon Movie 07: Rekkuu no Houmonsha Deoxys,Dragon Ball Z Movie 09: Ginga Girigiri!! Bucchigiri no Sugoi Yatsu,1.0
Pokemon Movie 07: Rekkuu no Houmonsha Deoxys,Dragon Ball Movie 4: Saikyou e no Michi,1.0
Pokemon Movie 07: Rekkuu no Houmonsha Deoxys,Dragon Ball Movie 1: Shen Long no Densetsu,0.83
Mezzo Forte,Tetsuwan Birdy,0.8
Saber Marionette J Again,Tetsuwan Birdy,0.8
Saber Marionette J Again,A-Ko The Versus,0.83
Saber Marionette J Again,Project A-Ko 3: Cinderella Rhapsody,0.8
Macross 7 Encore,Tetsuwan Birdy,0.8
Dragon Ball GT,Legendz: Yomigaeru Ryuuou Densetsu,0.8
Monster Farm: Enbanseki no Himitsu,Legendz: Yomigaeru Ryuuou Densetsu,0.8
Monster Farm: Enbanseki no Himitsu,Pokemon Advanced Generation,0.8
Pokemon Diamond & Pearl,Legendz: Yomigaeru Ryuuou Densetsu,0.8
Pokemon Diamond & Pearl,Black Blood Brothers,0.8
Pokemon Diamond & Pearl,D.Gray-man,0.8
FLCL,Tenchi Muyou! Ryououki,0.8
Hajime no Ippo: Champion Road,Eyeshield 21: Maboroshi no Golden Bowl,1.0
Mahoromatic: Automatic Maiden,Shinkon Gattai Godannar!! 2nd Season,0.8
Argento Soma,s.CRY.ed,0.8
Ace wo Nerae! Final Stage,Ace wo Nerae! 2,1.0
Ace wo Nerae! 2,Ace wo Nerae! Final Stage,1.0
Happy World!,Futari Ecchi,0.8
Yume de Aetara,Futari Ecchi,0.8
Green Green OVA,Futari Ecchi,1.0
Green Green OVA,Tokyo Daigaku Monogatari,0.8
Green Green OVA,Kyoukasho ni Nai!,1.0
Negima!? Haru Special!?,Futari Ecchi,0.8
Negima!? Haru Special!?,Denshin Mamotte Shugogetten,0.8
Paradise Kiss,Lamune,1.0
Bible Black,Sexfriend,1.0
Bible Black,Injuu Gakuen La Blue Girl,1.0
Bible Black,Uba,1.0
Bible Black,Ai Shimai Tsubomi... Kegashite Kudasai,1.0
Jinshin Yuugi,Sexfriend,1.0
Jinshin Yuugi,Kurohime: Shikkoku no Yakata,1.0
Jinshin Yuugi,One: Kagayaku Kisetsu e - True Stories,1.0
Flutter of Birds: Tori-tachi no Habataki,Injuu Gakuen La Blue Girl,1.0
Flutter of Birds: Tori-tachi no Habataki,Tsumamigui,1.0
Flutter of Birds: Tori-tachi no Habataki,Nikutai Ten'i,1.0
Shintaisou: Kari,Injuu Gakuen La Blue Girl,1.0
Shintaisou: Kari,Kaette Kita Court no Naka no Tenshi-tachi,1.0
Shintaisou: Kari,One: Kagayaku Kisetsu e - True Stories,1.0
Shintaisou: Kari,Yakin Byoutou,1.0
Shintaisou: Kari,Tsumamigui,1.0
Shintaisou: Kari,Imouto de Ikou!,1.0
Shintaisou: Kari,Shintaisou: Shin,1.0
Shintaisou: Kari,Kao no nai Tsuki,1.0
Shintaisou: Kari,Inma Daitoshi: Beast City,1.0
Bible Black: New Testament,Uba,1.0
Bible Black: New Testament,One: Kagayaku Kisetsu e - True Stories,1.0
Bible Black: New Testament,Injuu Gakuen La☆Blue Girl: Fukkatsu-hen,1.0
Bible Black: New Testament,Yakin Byoutou Ni,1.0
Bible Black: New Testament,Blood Royale,1.0
Ai Shimai: Futari no Kajitsu,Uba,1.0
Ai Shimai: Futari no Kajitsu,Ai Shimai Tsubomi... Kegashite Kudasai,1.0
Ai Shimai: Futari no Kajitsu,Kaette Kita Court no Naka no Tenshi-tachi,1.0
Ai Shimai: Futari no Kajitsu,Yakin Byoutou,1.0
Ai Shimai: Futari no Kajitsu,Yakin Byoutou San,1.0
Ai Shimai: Futari no Kajitsu,Pure Mail,1.0
Ai Shimai: Futari no Kajitsu,Yakin Byoutou Ni,1.0
Ai Shimai: Futari no Kajitsu,Ai Shimai 2: Futari no Kajitsu,1.0
Ai Shimai: Futari no Kajitsu,Imouto de Ikou!,1.0
Ai Shimai: Futari no Kajitsu,Shintaisou: Shin,1.0
Ai Shimai: Futari no Kajitsu,Nikutai Ten'i,1.0
Ai Shimai: Futari no Kajitsu,Kao no nai Tsuki,1.0
Ai Shimai: Futari no Kajitsu,Inma Daitoshi: Beast City,1.0
eX-Driver,Mutant Turtles: Choujin Densetsu-hen,1.0
eX-Driver,Sol Bianca,0.8
Tenchi Muyou! Ryououki 3rd Season,Mutant Turtles: Choujin Densetsu-hen,0.8
Tenchi Muyou! Ryououki 3rd Season,Burn Up! W,0.8
Saber Marionette R,Mutant Turtles: Choujin Densetsu-hen,0.8
A-Ko The Versus,Mutant Turtles: Choujin Densetsu-hen,0.83
A-Ko The Versus,Saber Marionette J Again,0.83
Macross Dynamite 7,Mutant Turtles: Choujin Densetsu-hen,1.0
Macross Dynamite 7,Cyber City Oedo 808,0.8
Macross Dynamite 7,Maps,1.0
Macross Dynamite 7,Sailor Victory,0.8
Submarine 707R,Mutant Turtles: Choujin Densetsu-hen,0.8
Submarine 707R,Herlock Saga: Nibelung no Yubiwa,0.8
Submarine 707R,Maps,0.8
Appleseed,Sol Bianca,1.0
Change!! Getter Robo: Sekai Saigo no Hi,Sol Bianca,0.8
Change!! Getter Robo: Sekai Saigo no Hi,Kyoushoku Soukou Guyver II,0.83
Change!! Getter Robo: Sekai Saigo no Hi,Sakura Taisen: Ouka Kenran,0.8
Armitage III,Sol Bianca,0.8
Ar Tonelico: Sekai no Owari de Utai Tsuzukeru Shoujo,Sol Bianca,0.8
Macross II: Lovers Again,Sol Bianca,1.0
Macross II: Lovers Again,Herlock Saga: Nibelung no Yubiwa,0.8
Macross II: Lovers Again,Ao no 6-gou,0.8
Macross II: Lovers Again,Cyber City Oedo 808,1.0
Macross II: Lovers Again,Bubblegum Crash,1.0
Queen Emeraldas,Sol Bianca,1.0
Queen Emeraldas,Uchuu no Kishi Tekkaman Blade II,0.8
Maps,Sol Bianca,0.8
Maps,Submarine 707R,0.8
Maps,Macross Dynamite 7,1.0
Maps,Project A-Ko 3: Cinderella Rhapsody,0.8
Maps,Cyber City Oedo 808,0.8
Maps,Project A-Ko 2: Daitokuji Zaibatsu no Inbou,0.8
eX-Driver the Movie,Project A-Ko,1.0
Armitage III: Dual-Matrix,Project A-Ko,0.8
Armitage III: Dual-Matrix,Odin: Koushi Hansen Starlight,0.8
Armitage III: Dual-Matrix,Venus Senki,1.0
"Dragon Ball Z Movie 08: Moetsukiro!! Nessen, Ressen, Chougekisen",Project A-Ko,0.83
"Dragon Ball Z Movie 08: Moetsukiro!! Nessen, Ressen, Chougekisen",Pokemon Movie 07: Rekkuu no Houmonsha Deoxys,1.0
"Dragon Ball Z Movie 08: Moetsukiro!! Nessen, Ressen, Chougekisen",Dragon Ball Z Movie 10: Kiken na Futari! Super Senshi wa Nemurenai,0.83
"Dragon Ball Z Movie 08: Moetsukiro!! Nessen, Ressen, Chougekisen",Dragon Ball Z Movie 09: Ginga Girigiri!! Bucchigiri no Sugoi Yatsu,1.0
"Dragon Ball Z Movie 08: Moetsukiro!! Nessen, Ressen, Chougekisen",Dragon Ball Z Movie 01: Ora no Gohan wo Kaese!!,1.0
"Dragon Ball Z Movie 08: Moetsukiro!! Nessen, Ressen, Chougekisen",Dragon Ball Z Movie 06: Gekitotsu!! 100-oku Power no Senshi-tachi,1.0
Fushigi Yuugi: Dai Ni Bu,Fushigi Yuugi: Eikouden,0.8
Futari Ecchi,I''s Pure,0.8
Futari Ecchi,Yume de Aetara,0.8
Futari Ecchi,Green Green OVA,1.0
Futari Ecchi,Negima!? Haru Special!?,0.8
Futari Ecchi,Happy World!,0.8
Guardian Hearts,I''s Pure,0.8
Guardian Hearts,Video Girl Ai,0.8
Tokyo Daigaku Monogatari,I''s Pure,1.0
Tokyo Daigaku Monogatari,Green Green OVA,0.8
Tokyo Daigaku Monogatari,Kyoukasho ni Nai!,0.8
Kyoukasho ni Nai!,I''s Pure,0.8
Kyoukasho ni Nai!,Green Green OVA,1.0
Kyoukasho ni Nai!,Tokyo Daigaku Monogatari,0.8
Denshin Mamotte Shugogetten,Negima!? Haru Special!?,0.8
Capeta,Idaten Jump,1.0
Tales of Phantasia The Animation,Yoroiden Samurai Troopers Gaiden,1.0
Yoroiden Samurai Troopers Message,Yoroiden Samurai Troopers Gaiden,1.0
Seihou Bukyou Outlaw Star,Choujuushin Gravion Zwei,0.8
Spriggan,Sakura Taisen: Katsudou Shashin,1.0
Saint Seiya: Jashin Eris,Sakura Taisen: Katsudou Shashin,1.0
Saint Seiya: Jashin Eris,Hokuto no Ken Movie,1.0
Stratos 4 OVA,Stratos 4 Advance,1.0
Tenbatsu Angel Rabbie☆,Stratos 4 Advance,1.0
Tenbatsu Angel Rabbie☆,Kidou Keisatsu Patlabor,1.0
Stratos 4 Advance,Tenbatsu Angel Rabbie☆,1.0
Stratos 4 Advance,Stratos 4 OVA,1.0
Kidou Keisatsu Patlabor,Tenbatsu Angel Rabbie☆,1.0
Final Fantasy,Hikyou Tanken Fam & Ihrlie,1.0
Final Fantasy,Unkai no Meikyuu Zeguy,0.8
Fullmetal Alchemist: The Conqueror of Shamballa,Cello Hiki no Gauche (1982),0.8
Iria: Zeiram The Animation,Herlock Saga: Nibelung no Yubiwa,0.8
Legend of Lemnear: Kyokuguro no Tsubasa Valkisas,Lodoss-tou Senki,1.0
Legend of Crystania,Lodoss-tou Senki,0.8
Legend of Crystania,Wizardry,0.8
Naruto Movie 1: Dai Katsugeki!! Yuki Hime Shinobu Houjou Dattebayo!,Hajimari no Boukensha-tachi: Legend of Crystania,0.8
Naruto Movie 1: Dai Katsugeki!! Yuki Hime Shinobu Houjou Dattebayo!,One Piece Movie 04: Dead End no Bouken,1.0
Naruto Movie 1: Dai Katsugeki!! Yuki Hime Shinobu Houjou Dattebayo!,One Piece Movie 06: Omatsuri Danshaku to Himitsu no Shima,0.8
One Piece Movie 06: Omatsuri Danshaku to Himitsu no Shima,One Piece Movie 04: Dead End no Bouken,0.8
One Piece Movie 06: Omatsuri Danshaku to Himitsu no Shima,Naruto Movie 1: Dai Katsugeki!! Yuki Hime Shinobu Houjou Dattebayo!,0.8
One Piece Movie 07: Karakuri-jou no Mecha Kyohei,One Piece Movie 04: Dead End no Bouken,1.0
One Piece Movie 07: Karakuri-jou no Mecha Kyohei,Saint Seiya: Tenkai-hen Josou - Overture,0.8
One Piece Movie 07: Karakuri-jou no Mecha Kyohei,Dragon Ball Z Movie 04: Super Saiyajin da Son Gokuu,0.8
One Piece Movie 07: Karakuri-jou no Mecha Kyohei,InuYasha Movie 2: Kagami no Naka no Mugenjo,0.8
One Piece Movie 04: Dead End no Bouken,One Piece Movie 06: Omatsuri Danshaku to Himitsu no Shima,0.8
One Piece Movie 04: Dead End no Bouken,One Piece Movie 07: Karakuri-jou no Mecha Kyohei,1.0
One Piece Movie 04: Dead End no Bouken,Naruto Movie 1: Dai Katsugeki!! Yuki Hime Shinobu Houjou Dattebayo!,1.0
Tales of Eternia The Animation,El Hazard: The Wanderers,0.8
InuYasha Movie 2: Kagami no Naka no Mugenjo,One Piece Movie 07: Karakuri-jou no Mecha Kyohei,0.8
Dragon Ball Z Movie 04: Super Saiyajin da Son Gokuu,One Piece Movie 07: Karakuri-jou no Mecha Kyohei,0.8
Dragon Ball Z Movie 04: Super Saiyajin da Son Gokuu,Naruto Movie 2: Dai Gekitotsu! Maboroshi no Chiteiiseki Dattebayo!,0.8
Saint Seiya: Tenkai-hen Josou - Overture,One Piece Movie 07: Karakuri-jou no Mecha Kyohei,0.8
Saint Seiya: Tenkai-hen Josou - Overture,One Piece Movie 05: Norowareta Seiken,0.8
Saint Seiya: Tenkai-hen Josou - Overture,Dragon Ball Movie 4: Saikyou e no Michi,0.83
InuYasha Movie 3: Tenka Hadou no Ken,One Piece Movie 05: Norowareta Seiken,0.8
InuYasha Movie 3: Tenka Hadou no Ken,One Piece Movie 01,0.8
Tsubasa Chronicle: Tori Kago no Kuni no Himegimi,One Piece Movie 01,0.8
Dragon Ball Z Movie 11: Super Senshi Gekiha!! Katsu no wa Ore da,One Piece Movie 01,0.8
Dragon Ball Z Movie 11: Super Senshi Gekiha!! Katsu no wa Ore da,Dragon Ball Z Movie 09: Ginga Girigiri!! Bucchigiri no Sugoi Yatsu,0.83
Dragon Ball Z Movie 11: Super Senshi Gekiha!! Katsu no wa Ore da,Dragon Ball Movie 3: Makafushigi Daibouken,0.83
Dragon Ball Z Movie 11: Super Senshi Gekiha!! Katsu no wa Ore da,Dragon Ball Z Movie 06: Gekitotsu!! 100-oku Power no Senshi-tachi,0.83
.hack//Gift,Ojamajo Doremi Na-i-sho,1.0
Jikuu Ihoujin Kyoko: Chocola ni Omakase!,Ojamajo Doremi Na-i-sho,1.0
One Piece Movie 01,InuYasha Movie 3: Tenka Hadou no Ken,0.8
One Piece Movie 01,Tsubasa Chronicle: Tori Kago no Kuni no Himegimi,0.8
One Piece Movie 01,Dragon Ball Z Movie 11: Super Senshi Gekiha!! Katsu no wa Ore da,0.8
One Piece Movie 05: Norowareta Seiken,InuYasha Movie 3: Tenka Hadou no Ken,0.8
One Piece Movie 05: Norowareta Seiken,Saint Seiya: Tenkai-hen Josou - Overture,0.8
Dragon Ball Movie 3: Makafushigi Daibouken,Dragon Ball Z Movie 11: Super Senshi Gekiha!! Katsu no wa Ore da,0.83
Dragon Ball Movie 3: Makafushigi Daibouken,Dragon Ball Z Movie 09: Ginga Girigiri!! Bucchigiri no Sugoi Yatsu,1.0
Dragon Ball Movie 3: Makafushigi Daibouken,Dragon Ball Z Movie 03: Chikyuu Marugoto Choukessen,1.0
Hajimari no Boukensha-tachi: Legend of Crystania,Naruto Movie 1: Dai Katsugeki!! Yuki Hime Shinobu Houjou Dattebayo!,0.8
Dragon Ball Movie 4: Saikyou e no Michi,Saint Seiya: Tenkai-hen Josou - Overture,0.83
Dragon Ball Movie 4: Saikyou e no Michi,Pokemon Movie 07: Rekkuu no Houmonsha Deoxys,1.0
Dragon Ball Movie 4: Saikyou e no Michi,Dragon Ball Z Movie 10: Kiken na Futari! Super Senshi wa Nemurenai,0.83
Dragon Ball Movie 4: Saikyou e no Michi,Dragon Ball Z Movie 09: Ginga Girigiri!! Bucchigiri no Sugoi Yatsu,1.0
Dragon Ball Movie 4: Saikyou e no Michi,Dragon Ball Z Movie 12: Fukkatsu no Fusion!! Gokuu to Vegeta,1.0
Dragon Ball Movie 4: Saikyou e no Michi,Dragon Ball Z Movie 01: Ora no Gohan wo Kaese!!,1.0
Naruto Movie 2: Dai Gekitotsu! Maboroshi no Chiteiiseki Dattebayo!,Dragon Ball Z Movie 04: Super Saiyajin da Son Gokuu,0.8
Girls Bravo: Second Season,Mahou Sensei Negima!,0.83
Steamboy,Odin: Koushi Hansen Starlight,1.0
Steamboy,Kidou Senshi Gundam I,1.0
Kidou Senshi Gundam III: Meguriai Sora-hen,Odin: Koushi Hansen Starlight,1.0
Kidou Senshi Gundam III: Meguriai Sora-hen,Genma Taisen,0.83
Macross 7 Movie: Ginga ga Ore wo Yondeiru!,Odin: Koushi Hansen Starlight,0.83
Genma Taisen,Odin: Koushi Hansen Starlight,0.83
Genma Taisen,Kidou Senshi Gundam III: Meguriai Sora-hen,0.83
Dragon Ball Movie 1: Shen Long no Densetsu,Pokemon Movie 07: Rekkuu no Houmonsha Deoxys,0.83
Dragon Ball Movie 1: Shen Long no Densetsu,Dragon Ball Z Movie 10: Kiken na Futari! Super Senshi wa Nemurenai,1.0
Dragon Ball Movie 2: Majinjou no Nemurihime,Dragon Ball Z Movie 10: Kiken na Futari! Super Senshi wa Nemurenai,0.83
Dragon Ball Movie 2: Majinjou no Nemurihime,Dragon Ball Z Movie 07: Kyokugen Battle!! Sandai Super Saiyajin,1.0
Majo no Takkyuubin,Neko no Ongaeshi,0.83
Slayers: The Motion Picture,Pokemon Movie 02: Maboroshi no Pokemon Lugia Bakutan,0.8
Tenchi Muyou! Ryououki,FLCL,0.8
Burn Up!,Burn Up! W,1.0
Tenchi Muyou! Ryououki 3rd Season: Tenchi Seirou naredo Namitakashi?,Burn Up! W,0.8
Wonderful Days,RahXephon: Tagen Hensoukyoku,1.0
Wonderful Days,Windaria,0.83
Puni Puni☆Poemii,Stratos 4 Advance Kanketsu-hen,1.0
Dominion,Stratos 4 Advance Kanketsu-hen,1.0
Dominion,Kidou Keisatsu Patlabor: New OVA,1.0
Dominion,Bishoujo Yuugekitai Battle Skipper,1.0
New Dominion Tank Police,Stratos 4 Advance Kanketsu-hen,1.0
New Dominion Tank Police,Kidou Keisatsu Patlabor: New OVA,1.0
Bishoujo Yuugekitai Battle Skipper,Stratos 4 Advance Kanketsu-hen,1.0
Bishoujo Yuugekitai Battle Skipper,Kidou Keisatsu Patlabor: New OVA,1.0
Bishoujo Yuugekitai Battle Skipper,Dominion,1.0
Kidou Senshi Gundam II: Ai Senshi-hen,Kidou Senshi Gundam I,0.8
Tetsuwan Birdy,Macross 7 Encore,0.8
Tetsuwan Birdy,Saber Marionette J Again,0.8
Tetsuwan Birdy,Mezzo Forte,0.8
Project A-Ko 3: Cinderella Rhapsody,Saber Marionette J Again,0.8
Project A-Ko 3: Cinderella Rhapsody,Maps,0.8
Project A-Ko 3: Cinderella Rhapsody,Project A-Ko 4: Final,1.0
Project A-Ko 3: Cinderella Rhapsody,Project A-Ko 2: Daitokuji Zaibatsu no Inbou,1.0
Saber Marionette J,Seihou Tenshi Angel Links,0.86
Naruto: Takigakure no Shitou - Ore ga Eiyuu Dattebayo!,Bleach: Memories in the Rain,0.8
Neko no Ongaeshi,Majo no Takkyuubin,0.83
Yuugen Kaisha,KO Seiki Beast Sanjuushi,0.83
KO Seiki Beast Sanjuushi,Yuugen Kaisha,0.83
Sakura Taisen: Katsudou Shashin,Saint Seiya: Jashin Eris,1.0
Sakura Taisen: Katsudou Shashin,Spriggan,1.0
Hokuto no Ken Movie,Saint Seiya: Jashin Eris,1.0
Moekan The Animation,Baby☆Love,1.0
Green Green Thirteen: Erolutions,Shin Angel,0.8
Ranma ½: Yomigaeru Kioku,Shin Angel,0.8
Ranma ½: Yomigaeru Kioku,Good Morning Call,1.0
Ranma ½: Yomigaeru Kioku,Love Hina Again,0.8
Galaxy Angel 3 Specials,To Heart: Remember My Memories Specials,1.0
Elf-ban Kakyuusei: Anata dake wo Mitsumete...,I''s,1.0
Kujibiki Unbalance,The Samurai,1.0
Lamune,Paradise Kiss,1.0
Mai-HiME Specials,Nurse Witch Komugi-chan Magikarte Special,1.0
Full Metal Panic! The Second Raid: Wari to Hima na Sentaichou no Ichinichi,Nurse Witch Komugi-chan Magikarte Special,1.0
To Heart: Remember My Memories Specials,Galaxy Angel 3 Specials,1.0
Ai no Kusabi,Haru wo Daite Ita,0.8
Baby☆Love,Moekan The Animation,1.0
Haru wo Daite Ita,Ai no Kusabi,0.8
RahXephon: Tagen Hensoukyoku,Wonderful Days,1.0
Windaria,Wonderful Days,0.83
Bleach: Memories in the Rain,Naruto: Takigakure no Shitou - Ore ga Eiyuu Dattebayo!,0.8
Burn Up! W,Tenchi Muyou! Ryououki 3rd Season,0.8
Burn Up! W,Burn Up!,1.0
Burn Up! W,Tenchi Muyou! Ryououki 3rd Season: Tenchi Seirou naredo Namitakashi?,0.8
Mutant Turtles: Choujin Densetsu-hen,Tenchi Muyou! Ryououki 3rd Season,0.8
Mutant Turtles: Choujin Densetsu-hen,eX-Driver,1.0
Mutant Turtles: Choujin Densetsu-hen,Submarine 707R,0.8
Mutant Turtles: Choujin Densetsu-hen,A-Ko The Versus,0.83
Mutant Turtles: Choujin Densetsu-hen,Macross Dynamite 7,1.0
Mutant Turtles: Choujin Densetsu-hen,Saber Marionette R,0.8
Pale Cocoon,Gunnm,1.0
Future GPX Cyber Formula 11,Gunnm,1.0
Future GPX Cyber Formula 11,Future GPX Cyber Formula Zero,1.0
Tenamonya Voyagers,VS Knight Lamune & 40 Fresh,1.0
Tenamonya Voyagers,Geobreeders 2: Mouryou Yuugekitai File-XX Ransen Toppa,0.8
Mazinkaiser,VS Knight Lamune & 40 Fresh,0.8
Mazinkaiser,Geobreeders 2: Mouryou Yuugekitai File-XX Ransen Toppa,1.0
Choushin Hime Dangaizer 3,VS Knight Lamune & 40 Fresh,0.8
Musekinin Kanchou Tylor OVA,Geobreeders 2: Mouryou Yuugekitai File-XX Ransen Toppa,0.8
Hellsing Ultimate,Shin Megami Tensei: Tokyo Mokushiroku,0.8
Mahoujin Guru Guru Movie,Slayers Premium,1.0
Slayers Gorgeous,Slayers Premium,0.8
Hanaukyou Maid-tai OVA,Ichigo 100% OVA,1.0
Dragon Ball Z,Pokemon Advanced Generation,0.8
Majutsushi Orphen,Pokemon Advanced Generation,0.8
Ginga Eiyuu Densetsu,Kidou Senshi Gundam SEED Destiny Final Plus: Erabareta Mirai,1.0
Ginga Eiyuu Densetsu,Future GPX Cyber Formula Zero,1.0
Ginga Eiyuu Densetsu,Future GPX Cyber Formula Sin,1.0
Macross Flash Back 2012,Kidou Senshi Gundam SEED Destiny Final Plus: Erabareta Mirai,1.0
Macross Flash Back 2012,Future GPX Cyber Formula Sin,1.0
Macross Flash Back 2012,Future GPX Cyber Formula Saga,1.0
Future GPX Cyber Formula Saga,Future GPX Cyber Formula Sin,1.0
Future GPX Cyber Formula Saga,Macross Flash Back 2012,1.0
Future GPX Cyber Formula Saga,Maetel Legend,1.0
Parade Parade,Cool Devices,1.0
Parade Parade,Yakin Byoutou San,1.0
Parade Parade,Yakin Byoutou Ni,1.0
Parade Parade,Blood Royale,1.0
Sexfriend,Bible Black,1.0
Sexfriend,Jinshin Yuugi,1.0
Strawberry Panic,Simoun,0.8
Slayers Premium,Mahoujin Guru Guru Movie,1.0
Slayers Premium,Slayers Gorgeous,0.8
Simoun,Strawberry Panic,0.8
Dragon Ball Z Movie 03: Chikyuu Marugoto Choukessen,Dragon Ball Z Movie 09: Ginga Girigiri!! Bucchigiri no Sugoi Yatsu,1.0
Dragon Ball Z Movie 03: Chikyuu Marugoto Choukessen,Dragon Ball Z Movie 01: Ora no Gohan wo Kaese!!,1.0
Dragon Ball Z Movie 03: Chikyuu Marugoto Choukessen,Dragon Ball Movie 3: Makafushigi Daibouken,1.0
Dragon Ball Z Movie 13: Ryuuken Bakuhatsu!! Gokuu ga Yaraneba Dare ga Yaru,Dragon Ball Z Movie 12: Fukkatsu no Fusion!! Gokuu to Vegeta,1.0
Dragon Ball Z Movie 13: Ryuuken Bakuhatsu!! Gokuu ga Yaraneba Dare ga Yaru,Dragon Ball Z Movie 06: Gekitotsu!! 100-oku Power no Senshi-tachi,1.0
Dragon Ball Z Movie 07: Kyokugen Battle!! Sandai Super Saiyajin,Dragon Ball Z Movie 01: Ora no Gohan wo Kaese!!,1.0
Dragon Ball Z Movie 07: Kyokugen Battle!! Sandai Super Saiyajin,Dragon Ball Movie 2: Majinjou no Nemurihime,1.0
Dragon Ball Z Movie 12: Fukkatsu no Fusion!! Gokuu to Vegeta,Dragon Ball Movie 4: Saikyou e no Michi,1.0
Dragon Ball Z Movie 12: Fukkatsu no Fusion!! Gokuu to Vegeta,Dragon Ball Z Movie 13: Ryuuken Bakuhatsu!! Gokuu ga Yaraneba Dare ga Yaru,1.0
Nurse Witch Komugi-chan Magikarte Special,Mai-HiME Specials,1.0
Nurse Witch Komugi-chan Magikarte Special,Full Metal Panic! The Second Raid: Wari to Hima na Sentaichou no Ichinichi,1.0
Shin Getter Robo tai Neo Getter Robo,Black Magic M-66,1.0
Shin Getter Robo tai Neo Getter Robo,Baoh Raihousha,1.0
Angel Cop,Black Magic M-66,1.0
Shin Hokuto no Ken,Black Magic M-66,1.0
Shin Hokuto no Ken,Soukihei MD Geist 2: Death Force,1.0
Shin Hokuto no Ken,Psychic Force,1.0
Baoh Raihousha,Black Magic M-66,1.0
Baoh Raihousha,Shin Getter Robo tai Neo Getter Robo,1.0
Black Magic M-66,Baoh Raihousha,1.0
Black Magic M-66,Shin Hokuto no Ken,1.0
Black Magic M-66,Angel Cop,1.0
Black Magic M-66,Shin Getter Robo tai Neo Getter Robo,1.0
Saint Seiya: Meiou Hades Juuni Kyuu-hen,Sakura Taisen: Ouka Kenran,0.8
Saint Seiya: Meiou Hades Juuni Kyuu-hen,Wizardry,0.8
Ichigo 100% OVA,Hanaukyou Maid-tai OVA,1.0
Cosplay Complex: Extra Identification,Kaleido Star: Good da yo! Goood!!,1.0
Netrun-mon the Movie,Kaleido Star: Good da yo! Goood!!,1.0
Dragon Ball Z: Saiya-jin Zetsumetsu Keikaku,Choujuu Densetsu Gestalt,0.8
Maze☆Bakunetsu Jikuu,Choujuu Densetsu Gestalt,1.0
Dragon Ball GT: Gokuu Gaiden! Yuuki no Akashi wa Suushinchuu,One Piece: Oounabara ni Hirake! Dekkai Dekkai Chichi no Yume!,0.8
Shinshaku Sengoku Eiyuu Densetsu: Sanada Juu Yuushi,City Hunter: Kinkyuu Namachuukei!? Kyouakuhan Saeba Ryou no Saigo,1.0
Kamisama Kazoku,Shin Shirayuki-hime Densetsu Prétear,0.8
Gunnm,Pale Cocoon,1.0
Gunnm,Future GPX Cyber Formula 11,1.0
Future GPX Cyber Formula Zero,Future GPX Cyber Formula 11,1.0
Future GPX Cyber Formula Zero,Ginga Eiyuu Densetsu,1.0
Generator Gawl,R.O.D: The TV,0.83
Psychic Force,Super Robot Taisen OG The Animation,1.0
Psychic Force,Shin Hokuto no Ken,1.0
Soukihei MD Geist 2: Death Force,Super Robot Taisen OG The Animation,1.0
Soukihei MD Geist 2: Death Force,Shin Hokuto no Ken,1.0
Soukihei MD Geist 2: Death Force,Makyuu Senjou,1.0
Injuu Gakuen EX,Injuu Gakuen La☆Blue Girl: Fukkatsu-hen,1.0
Makai Tenshi Djibril,Injuu Gakuen La☆Blue Girl: Fukkatsu-hen,1.0
Zetsuai 1989,Bronze: Zetsuai Since 1989,1.0
Bronze: Zetsuai Since 1989,Zetsuai 1989,1.0
Cello Hiki no Gauche (1982),Fullmetal Alchemist: The Conqueror of Shamballa,0.8
Ao no 6-gou,Macross II: Lovers Again,0.8
Bubblegum Crash,Macross II: Lovers Again,1.0
Bubblegum Crash,Cyber City Oedo 808,1.0
Cyber City Oedo 808,Macross II: Lovers Again,1.0
Cyber City Oedo 808,Macross Dynamite 7,0.8
Cyber City Oedo 808,Bubblegum Crash,1.0
Cyber City Oedo 808,Maps,0.8
Sol Bianca,Macross II: Lovers Again,1.0
Sol Bianca,eX-Driver,0.8
Sol Bianca,Change!! Getter Robo: Sekai Saigo no Hi,0.8
Sol Bianca,Maps,0.8
Sol Bianca,Ar Tonelico: Sekai no Owari de Utai Tsuzukeru Shoujo,0.8
Sol Bianca,Appleseed,1.0
Sol Bianca,Queen Emeraldas,1.0
Sol Bianca,Armitage III,0.8
Herlock Saga: Nibelung no Yubiwa,Macross II: Lovers Again,0.8
Herlock Saga: Nibelung no Yubiwa,Submarine 707R,0.8
Herlock Saga: Nibelung no Yubiwa,Iria: Zeiram The Animation,0.8
Sailor Victory,Macross Dynamite 7,0.8
Sailor Victory,Project A-Ko 4: Final,1.0
Sailor Victory,Project A-Ko 2: Daitokuji Zaibatsu no Inbou,1.0
Sweat Punch,Kai Doh Maru,1.0
Sakura Taisen: Ouka Kenran,Saint Seiya: Meiou Hades Juuni Kyuu-hen,0.8
Sakura Taisen: Ouka Kenran,Change!! Getter Robo: Sekai Saigo no Hi,0.8
Sentou Yousei Yukikaze,Key the Metal Idol,0.83
I''s,Elf-ban Kakyuusei: Anata dake wo Mitsumete...,1.0
Kidou Senshi Gundam I,Kidou Senshi Gundam II: Ai Senshi-hen,0.8
Kidou Senshi Gundam I,Steamboy,1.0
Shinkon Gattai Godannar!! 2nd Season,Mahoromatic: Automatic Maiden,0.8
Pokemon Movie 02: Maboroshi no Pokemon Lugia Bakutan,Slayers: The Motion Picture,0.8
Choujuushin Gravion Zwei,Seihou Bukyou Outlaw Star,0.8
Sentou Yousei Shoujo Tasukete! Mave-chan,Kidou Keisatsu Patlabor: New OVA,1.0
Kidou Keisatsu Patlabor: New OVA,Bishoujo Yuugekitai Battle Skipper,1.0
Kidou Keisatsu Patlabor: New OVA,Dominion,1.0
Kidou Keisatsu Patlabor: New OVA,Sentou Yousei Shoujo Tasukete! Mave-chan,1.0
Kidou Keisatsu Patlabor: New OVA,New Dominion Tank Police,1.0
Stratos 4 Advance Kanketsu-hen,Bishoujo Yuugekitai Battle Skipper,1.0
Stratos 4 Advance Kanketsu-hen,Dominion,1.0
Stratos 4 Advance Kanketsu-hen,New Dominion Tank Police,1.0
Stratos 4 Advance Kanketsu-hen,Puni Puni☆Poemii,1.0
Geobreeders 2: Mouryou Yuugekitai File-XX Ransen Toppa,Tenamonya Voyagers,0.8
Geobreeders 2: Mouryou Yuugekitai File-XX Ransen Toppa,Mazinkaiser,1.0
Geobreeders 2: Mouryou Yuugekitai File-XX Ransen Toppa,Musekinin Kanchou Tylor OVA,0.8
VS Knight Lamune & 40 Fresh,Tenamonya Voyagers,1.0
VS Knight Lamune & 40 Fresh,Mazinkaiser,0.8
VS Knight Lamune & 40 Fresh,Choushin Hime Dangaizer 3,0.8
Kyoushoku Soukou Guyver II,Change!! Getter Robo: Sekai Saigo no Hi,0.83
Slayers Specials,Yousei Hime Ren,1.0
Unkai no Meikyuu Zeguy,Final Fantasy,0.8
Hikyou Tanken Fam & Ihrlie,Final Fantasy,1.0
Project A-Ko 2: Daitokuji Zaibatsu no Inbou,Project A-Ko 3: Cinderella Rhapsody,1.0
Project A-Ko 2: Daitokuji Zaibatsu no Inbou,Maps,0.8
Project A-Ko 2: Daitokuji Zaibatsu no Inbou,Sailor Victory,1.0
Project A-Ko 2: Daitokuji Zaibatsu no Inbou,Project A-Ko 4: Final,1.0
Project A-Ko 4: Final,Project A-Ko 3: Cinderella Rhapsody,1.0
Project A-Ko 4: Final,Sailor Victory,1.0
Project A-Ko 4: Final,Project A-Ko 2: Daitokuji Zaibatsu no Inbou,1.0
Seikimatsu★Darling,Kaze to Ki no Uta Sanctus: Sei Naru Kana,0.8
Seihou Tenshi Angel Links,Saber Marionette J,0.86
One Piece: Oounabara ni Hirake! Dekkai Dekkai Chichi no Yume!,Dragon Ball GT: Gokuu Gaiden! Yuuki no Akashi wa Suushinchuu,0.8
Bishoujo Senshi Sailor Moon SuperS: Sailor 9 Senshi Shuuketsu! Black Dream Hole no Kiseki,Ohoshi-sama no Rail,1.0
Kidou Senshi Gundam SEED Destiny Final Plus: Erabareta Mirai,Macross Flash Back 2012,1.0
Kidou Senshi Gundam SEED Destiny Final Plus: Erabareta Mirai,Ginga Eiyuu Densetsu,1.0
Future GPX Cyber Formula Sin,Macross Flash Back 2012,1.0
Future GPX Cyber Formula Sin,Ginga Eiyuu Densetsu,1.0
Future GPX Cyber Formula Sin,Future GPX Cyber Formula Saga,1.0
Ankoku Shindenshou Takegami,The Animatrix,0.8
Zone of the Enders: 2167 Idolo,The Animatrix,0.8
Yoroiden Samurai Troopers Gaiden,Tales of Phantasia The Animation,1.0
Yoroiden Samurai Troopers Gaiden,Yoroiden Samurai Troopers Message,1.0
Choujuu Densetsu Gestalt,Dragon Ball Z: Saiya-jin Zetsumetsu Keikaku,0.8
Choujuu Densetsu Gestalt,Maze☆Bakunetsu Jikuu,1.0
Soukihei MD Geist,Makyuu Senjou,1.0
The Animatrix,Ankoku Shindenshou Takegami,0.8
The Animatrix,Zone of the Enders: 2167 Idolo,0.8
Idaten Jump,Capeta,1.0
Eyeshield 21: Maboroshi no Golden Bowl,Hajime no Ippo: Champion Road,1.0
Ohoshi-sama no Rail,Bishoujo Senshi Sailor Moon SuperS: Sailor 9 Senshi Shuuketsu! Black Dream Hole no Kiseki,1.0
Elf no Wakaokusama,Princess Memory,1.0
Shin Megami Tensei: Tokyo Mokushiroku,Hellsing Ultimate,0.8
Violence Jack: Harlem Bomber-hen,Kyuuketsuhime Miyu,1.0
Violence Jack: Hell's Wind-hen,Kyuuketsuhime Miyu,1.0
Violence Jack: Hell's Wind-hen,Violence Jack: Jigoku Gai-hen,1.0
Violence Jack: Jigoku Gai-hen,Violence Jack: Hell's Wind-hen,1.0
Kyuuketsuhime Miyu,Violence Jack: Hell's Wind-hen,1.0
Kyuuketsuhime Miyu,Violence Jack: Harlem Bomber-hen,1.0
Soujuu Senshi Psychic Wars,Mai-Otome Zwei,1.0
Makyuu Senjou,Soukihei MD Geist 2: Death Force,1.0
Makyuu Senjou,Soukihei MD Geist,1.0
Super Robot Taisen OG The Animation,Soukihei MD Geist 2: Death Force,1.0
Super Robot Taisen OG The Animation,Psychic Force,1.0
Detective Conan Movie 05: Countdown to Heaven,Detective Conan Movie 09: Strategy Above the Depths,1.0
Detective Conan Movie 07: Crossroad in the Ancient Capital,Detective Conan Movie 09: Strategy Above the Depths,1.0
Ojamajo Doremi Na-i-sho,Jikuu Ihoujin Kyoko: Chocola ni Omakase!,1.0
Ojamajo Doremi Na-i-sho,.hack//Gift,1.0
Maetel Legend,Future GPX Cyber Formula Saga,1.0
Princess Memory,Elf no Wakaokusama,1.0
Lupin III: Alcatraz Connection,Pokemon Crystal: Raikou Ikazuchi no Densetsu,0.8
Lupin III: Alcatraz Connection,"Lupin III: Episode 0 ""First Contact""",0.8
Lupin III: Alcatraz Connection,Lupin III: Hemingway Paper no Nazo,0.8
Lupin III: Alcatraz Connection,Lupin III: Ai no Da Capo - Fujiko's Unlucky Days,0.8
Lupin III: Alcatraz Connection,Lupin III: Walther P38,0.8
Lupin III: Alcatraz Connection,Lupin III: Harimao no Zaihou wo Oe!!,0.8
Lupin III: Alcatraz Connection,Lupin III: Moeyo Zantetsuken!,0.8
Lupin III: Alcatraz Connection,Lupin III: Bye Bye Liberty - Kiki Ippatsu!,0.8
Lupin III: Alcatraz Connection,Lupin III: Napoleon no Jisho wo Ubae,0.8
Lupin III: Twilight Gemini no Himitsu,Pokemon Crystal: Raikou Ikazuchi no Densetsu,0.8
Lupin III: Twilight Gemini no Himitsu,Lupin III: Walther P38,0.8
Lupin III: Twilight Gemini no Himitsu,Lupin III: Bye Bye Liberty - Kiki Ippatsu!,0.8
Lupin III: Twilight Gemini no Himitsu,Lupin III: Honoo no Kioku - Tokyo Crisis,0.8
Lupin III: Twilight Gemini no Himitsu,Lupin III: $1 Money Wars,0.8
Lupin III: Hemingway Paper no Nazo,"Lupin III: Episode 0 ""First Contact""",1.0
Lupin III: Hemingway Paper no Nazo,Lupin III: Ai no Da Capo - Fujiko's Unlucky Days,1.0
Lupin III: Hemingway Paper no Nazo,Lupin III: Walther P38,1.0
Lupin III: Hemingway Paper no Nazo,Lupin III: Napoleon no Jisho wo Ubae,1.0
Lupin III: Hemingway Paper no Nazo,Lupin III: Otakara Henkyaku Daisakusen!!,1.0
Lupin III: Hemingway Paper no Nazo,Lupin III: Alcatraz Connection,0.8
Lupin III: Hemingway Paper no Nazo,City Hunter: The Secret Service,0.8
Lupin III: Hemingway Paper no Nazo,Lupin III: Honoo no Kioku - Tokyo Crisis,1.0
Lupin III: Hemingway Paper no Nazo,Lupin III: $1 Money Wars,1.0
Lupin III: Hemingway Paper no Nazo,Lupin III: Tenshi no Tactics - Yume no Kakera wa Koroshi no Kaori,1.0
Lupin III: Ai no Da Capo - Fujiko's Unlucky Days,"Lupin III: Episode 0 ""First Contact""",1.0
Lupin III: Ai no Da Capo - Fujiko's Unlucky Days,Lupin III: Hemingway Paper no Nazo,1.0
Lupin III: Ai no Da Capo - Fujiko's Unlucky Days,Lupin III: Alcatraz Connection,0.8
Lupin III: Walther P38,"Lupin III: Episode 0 ""First Contact""",1.0
Lupin III: Walther P38,Lupin III: Hemingway Paper no Nazo,1.0
Lupin III: Walther P38,Lupin III: Napoleon no Jisho wo Ubae,1.0
Lupin III: Walther P38,Lupin III: Alcatraz Connection,0.8
Lupin III: Walther P38,City Hunter: The Secret Service,0.8
Lupin III: Walther P38,Lupin III: Twilight Gemini no Himitsu,0.8
Lupin III: Walther P38,Lupin III: $1 Money Wars,1.0
Lupin III: Walther P38,Lupin III: Tenshi no Tactics - Yume no Kakera wa Koroshi no Kaori,1.0
City Hunter: The Secret Service,"Lupin III: Episode 0 ""First Contact""",0.8
City Hunter: The Secret Service,Lupin III: Hemingway Paper no Nazo,0.8
City Hunter: The Secret Service,Lupin III: Walther P38,0.8
City Hunter: The Secret Service,Lupin III: Bye Bye Liberty - Kiki Ippatsu!,0.8
City Hunter: The Secret Service,Lupin III: Lupin Ansatsu Shirei,0.8
Lupin III: Tenshi no Tactics - Yume no Kakera wa Koroshi no Kaori,Lupin III: Hemingway Paper no Nazo,1.0
Lupin III: Tenshi no Tactics - Yume no Kakera wa Koroshi no Kaori,Lupin III: Walther P38,1.0
Lupin III: Tenshi no Tactics - Yume no Kakera wa Koroshi no Kaori,Lupin III: Harimao no Zaihou wo Oe!!,1.0
Lupin III: Tenshi no Tactics - Yume no Kakera wa Koroshi no Kaori,Lupin III: Napoleon no Jisho wo Ubae,1.0
Lupin III: Tenshi no Tactics - Yume no Kakera wa Koroshi no Kaori,Lupin III: Otakara Henkyaku Daisakusen!!,1.0
Lupin III: Tenshi no Tactics - Yume no Kakera wa Koroshi no Kaori,Lupin III: Nusumareta Lupin,1.0
Lupin III: Tenshi no Tactics - Yume no Kakera wa Koroshi no Kaori,Lupin III: Lupin Ansatsu Shirei,1.0
"Lupin III: Episode 0 ""First Contact""",Lupin III: Hemingway Paper no Nazo,1.0
"Lupin III: Episode 0 ""First Contact""",Lupin III: Ai no Da Capo - Fujiko's Unlucky Days,1.0
"Lupin III: Episode 0 ""First Contact""",Lupin III: Walther P38,1.0
"Lupin III: Episode 0 ""First Contact""",Lupin III: Alcatraz Connection,0.8
"Lupin III: Episode 0 ""First Contact""",City Hunter: The Secret Service,0.8
Lupin III: $1 Money Wars,Lupin III: Hemingway Paper no Nazo,1.0
Lupin III: $1 Money Wars,Lupin III: Walther P38,1.0
Lupin III: $1 Money Wars,Lupin III: Bye Bye Liberty - Kiki Ippatsu!,1.0
Lupin III: $1 Money Wars,Lupin III: Honoo no Kioku - Tokyo Crisis,1.0
Lupin III: $1 Money Wars,Lupin III: Twilight Gemini no Himitsu,0.8
Lupin III: Napoleon no Jisho wo Ubae,Lupin III: Hemingway Paper no Nazo,1.0
Lupin III: Napoleon no Jisho wo Ubae,Lupin III: Walther P38,1.0
Lupin III: Napoleon no Jisho wo Ubae,Lupin III: Nusumareta Lupin,1.0
Lupin III: Napoleon no Jisho wo Ubae,Lupin III: Lupin Ansatsu Shirei,1.0
Lupin III: Napoleon no Jisho wo Ubae,Lupin III: Alcatraz Connection,0.8
Lupin III: Napoleon no Jisho wo Ubae,Lupin III: Tenshi no Tactics - Yume no Kakera wa Koroshi no Kaori,1.0
Lupin III: Otakara Henkyaku Daisakusen!!,Lupin III: Hemingway Paper no Nazo,1.0
Lupin III: Otakara Henkyaku Daisakusen!!,Lupin III: Bye Bye Liberty - Kiki Ippatsu!,1.0
Lupin III: Otakara Henkyaku Daisakusen!!,Lupin III: Tenshi no Tactics - Yume no Kakera wa Koroshi no Kaori,1.0
Lupin III: Honoo no Kioku - Tokyo Crisis,Lupin III: Hemingway Paper no Nazo,1.0
Lupin III: Honoo no Kioku - Tokyo Crisis,Lupin III: Bye Bye Liberty - Kiki Ippatsu!,1.0
Lupin III: Honoo no Kioku - Tokyo Crisis,Lupin III: Lupin Ansatsu Shirei,1.0
Lupin III: Honoo no Kioku - Tokyo Crisis,Lupin III: Twilight Gemini no Himitsu,0.8
Lupin III: Honoo no Kioku - Tokyo Crisis,Lupin III: $1 Money Wars,1.0
Lupin III: Nusumareta Lupin,Lupin III: Bye Bye Liberty - Kiki Ippatsu!,1.0
Lupin III: Nusumareta Lupin,Lupin III: Napoleon no Jisho wo Ubae,1.0
Lupin III: Nusumareta Lupin,Lupin III: Tenshi no Tactics - Yume no Kakera wa Koroshi no Kaori,1.0
Lupin III: Lupin Ansatsu Shirei,Lupin III: Napoleon no Jisho wo Ubae,1.0
Lupin III: Lupin Ansatsu Shirei,City Hunter: The Secret Service,0.8
Lupin III: Lupin Ansatsu Shirei,Lupin III: Honoo no Kioku - Tokyo Crisis,1.0
Lupin III: Lupin Ansatsu Shirei,Lupin III: Tenshi no Tactics - Yume no Kakera wa Koroshi no Kaori,1.0
Lupin III: Bye Bye Liberty - Kiki Ippatsu!,Lupin III: Otakara Henkyaku Daisakusen!!,1.0
Lupin III: Bye Bye Liberty - Kiki Ippatsu!,Lupin III: Nusumareta Lupin,1.0
Lupin III: Bye Bye Liberty - Kiki Ippatsu!,Lupin III: Alcatraz Connection,0.8
Lupin III: Bye Bye Liberty - Kiki Ippatsu!,City Hunter: The Secret Service,0.8
Lupin III: Bye Bye Liberty - Kiki Ippatsu!,Lupin III: Honoo no Kioku - Tokyo Crisis,1.0
Lupin III: Bye Bye Liberty - Kiki Ippatsu!,Lupin III: Twilight Gemini no Himitsu,0.8
Lupin III: Bye Bye Liberty - Kiki Ippatsu!,Lupin III: $1 Money Wars,1.0
Lupin III: Moeyo Zantetsuken!,Lupin III: Alcatraz Connection,0.8
Lupin III: Harimao no Zaihou wo Oe!!,Lupin III: Alcatraz Connection,0.8
Lupin III: Harimao no Zaihou wo Oe!!,Lupin III: Tenshi no Tactics - Yume no Kakera wa Koroshi no Kaori,1.0
Pokemon Crystal: Raikou Ikazuchi no Densetsu,Lupin III: Alcatraz Connection,0.8
Pokemon Crystal: Raikou Ikazuchi no Densetsu,Lupin III: Twilight Gemini no Himitsu,0.8
Lupin III: Dead or Alive,Lupin III: Cagliostro no Shiro,0.83
Lupin III: Dead or Alive,Lupin III: Lupin vs. Fukusei-ningen,1.0
Lupin III: Dead or Alive,City Hunter: Bay City Wars,0.8
Lupin III: Dead or Alive,Lupin III: Kutabare! Nostradamus,1.0
Lupin III: Dead or Alive,Lupin III: Babylon no Ougon Densetsu,1.0
Lupin III: Pilot Film (1978),Lupin III: Cagliostro no Shiro,0.83
Lupin III: Pilot Film (1978),Lupin III: Lupin vs. Fukusei-ningen,1.0
Lupin III: Pilot Film (1978),City Hunter: Ai to Shukumei no Magnum,0.8
Lupin III: Pilot Film (1978),City Hunter: Hyakuman Dollar no Inbou,0.8
Lupin III: Pilot Film (1978),Lupin III: Fuuma Ichizoku no Inbou,1.0
Lupin III: Kutabare! Nostradamus,Lupin III: Lupin vs. Fukusei-ningen,1.0
Lupin III: Kutabare! Nostradamus,City Hunter: Bay City Wars,0.8
Lupin III: Kutabare! Nostradamus,Lupin III: Babylon no Ougon Densetsu,1.0
Lupin III: Kutabare! Nostradamus,City Hunter: Ai to Shukumei no Magnum,0.8
Lupin III: Kutabare! Nostradamus,City Hunter: Hyakuman Dollar no Inbou,0.8
Lupin III: Kutabare! Nostradamus,Lupin III: Fuuma Ichizoku no Inbou,1.0
Lupin III: Kutabare! Nostradamus,Lupin III: Dead or Alive,1.0
Lupin III: Babylon no Ougon Densetsu,Lupin III: Lupin vs. Fukusei-ningen,1.0
Lupin III: Babylon no Ougon Densetsu,City Hunter: Bay City Wars,0.8
Lupin III: Babylon no Ougon Densetsu,Lupin III: Kutabare! Nostradamus,1.0
Lupin III: Babylon no Ougon Densetsu,City Hunter: Hyakuman Dollar no Inbou,0.8
Lupin III: Babylon no Ougon Densetsu,Lupin III: Fuuma Ichizoku no Inbou,1.0
Lupin III: Babylon no Ougon Densetsu,Lupin III: Dead or Alive,1.0
City Hunter: Ai to Shukumei no Magnum,Lupin III: Lupin vs. Fukusei-ningen,0.8
City Hunter: Ai to Shukumei no Magnum,Lupin III: Kutabare! Nostradamus,0.8
City Hunter: Ai to Shukumei no Magnum,Lupin III: Fuuma Ichizoku no Inbou,0.8
City Hunter: Ai to Shukumei no Magnum,Lupin III: Pilot Film (1978),0.8
Lupin III: Fuuma Ichizoku no Inbou,Lupin III: Kutabare! Nostradamus,1.0
Lupin III: Fuuma Ichizoku no Inbou,Lupin III: Babylon no Ougon Densetsu,1.0
Lupin III: Fuuma Ichizoku no Inbou,City Hunter: Ai to Shukumei no Magnum,0.8
Lupin III: Fuuma Ichizoku no Inbou,City Hunter: Hyakuman Dollar no Inbou,0.8
Lupin III: Fuuma Ichizoku no Inbou,Lupin III: Pilot Film (1978),1.0
Lupin III: Lupin vs. Fukusei-ningen,Lupin III: Kutabare! Nostradamus,1.0
Lupin III: Lupin vs. Fukusei-ningen,Lupin III: Babylon no Ougon Densetsu,1.0
Lupin III: Lupin vs. Fukusei-ningen,City Hunter: Ai to Shukumei no Magnum,0.8
Lupin III: Lupin vs. Fukusei-ningen,Lupin III: Dead or Alive,1.0
Lupin III: Lupin vs. Fukusei-ningen,Lupin III: Pilot Film (1978),1.0
City Hunter: Bay City Wars,Lupin III: Kutabare! Nostradamus,0.8
City Hunter: Bay City Wars,Lupin III: Babylon no Ougon Densetsu,0.8
City Hunter: Bay City Wars,Lupin III: Dead or Alive,0.8
City Hunter: Hyakuman Dollar no Inbou,Lupin III: Kutabare! Nostradamus,0.8
City Hunter: Hyakuman Dollar no Inbou,Lupin III: Babylon no Ougon Densetsu,0.8
City Hunter: Hyakuman Dollar no Inbou,Lupin III: Fuuma Ichizoku no Inbou,0.8
City Hunter: Hyakuman Dollar no Inbou,Lupin III: Pilot Film (1978),0.8
Lupin III: Cagliostro no Shiro,Lupin III: Dead or Alive,0.83
Lupin III: Cagliostro no Shiro,Lupin III: Pilot Film (1978),0.83
Uchuu no Kishi Tekkaman Blade II,Queen Emeraldas,0.8
The Samurai,Kujibiki Unbalance,1.0
Key the Metal Idol,Sentou Yousei Yukikaze,0.83
City Hunter: Kinkyuu Namachuukei!? Kyouakuhan Saeba Ryou no Saigo,Shinshaku Sengoku Eiyuu Densetsu: Sanada Juu Yuushi,1.0
D.Gray-man,Pokemon Diamond & Pearl,0.8
Black Blood Brothers,Pokemon Diamond & Pearl,0.8
Legendz: Yomigaeru Ryuuou Densetsu,Pokemon Diamond & Pearl,0.8
Legendz: Yomigaeru Ryuuou Densetsu,Monster Farm: Enbanseki no Himitsu,0.8
Legendz: Yomigaeru Ryuuou Densetsu,Dragon Ball GT,0.8
.hack//Unison,Mahou Shoujo Pretty Sammy Specials,0.8
Kaleido Star: Good da yo! Goood!!,Netrun-mon the Movie,1.0
Kaleido Star: Good da yo! Goood!!,Cosplay Complex: Extra Identification,1.0
Mahou Shoujo Pretty Sammy Specials,.hack//Unison,0.8
Detective Conan Movie 09: Strategy Above the Depths,Detective Conan Movie 05: Countdown to Heaven,1.0
Detective Conan Movie 09: Strategy Above the Depths,Detective Conan Movie 07: Crossroad in the Ancient Capital,1.0
UFO Princess Valkyrie 3: Seiresetsu no Hanayome,UFO Princess Valkyrie 4: Toki to Yume to Ginga no Utage,1.0
Black Lagoon: The Second Barrage,Souten no Ken,1.0
Souten no Ken,Black Lagoon: The Second Barrage,1.0
Shijou Saikyou no Deshi Kenichi,Katekyo Hitman Reborn!,1.0
Choujin Gakuen Gowcaizer: The Voltage Fighters,Kakugo no Susume,0.8
Magic Knight Rayearth II,Fushigi Yuugi,0.8
Pokemon Advanced Generation,Majutsushi Orphen,0.8
Pokemon Advanced Generation,Monster Farm: Enbanseki no Himitsu,0.8
Pokemon Advanced Generation,Dragon Ball Z,0.8
Happiness!,Kujibiki♥Unbalance,1.0
Happiness!,Mamoru-kun ni Megami no Shukufuku wo!,1.0
Ghost Hunt,Jigoku Shoujo Futakomori,1.0
Taiho Shichau zo,Haru no Ashioto The Movie: Ourin Dakkan,1.0
Kiniro no Corda: Primo Passo,Gift: Eternal Rainbow,1.0
Kiniro no Corda: Primo Passo,Hataraki Man,1.0
Gift: Eternal Rainbow,Kiniro no Corda: Primo Passo,1.0
Hataraki Man,Kiniro no Corda: Primo Passo,1.0
Mamoru-kun ni Megami no Shukufuku wo!,Happiness!,1.0
Kujibiki♥Unbalance,Happiness!,1.0
Jigoku Shoujo Futakomori,Ghost Hunt,1.0
Katekyo Hitman Reborn!,Shijou Saikyou no Deshi Kenichi,1.0
Mai-Otome Zwei,Soujuu Senshi Psychic Wars,1.0
Haru no Ashioto The Movie: Ourin Dakkan,Taiho Shichau zo,1.0
Kai Doh Maru,Sweat Punch,1.0
Yousei Hime Ren,Slayers Specials,1.0
Kaze to Ki no Uta Sanctus: Sei Naru Kana,Seikimatsu★Darling,0.8
Kakugo no Susume,Choujin Gakuen Gowcaizer: The Voltage Fighters,0.8
UFO Princess Valkyrie 4: Toki to Yume to Ginga no Utage,UFO Princess Valkyrie 3: Seiresetsu no Hanayome,1.0
